Username,Nickname,Enabled,Status
nututongoc,Tô Tú Tú,True,Đã gửi (00:16:51 03/10/2026)
hhayeudia,hha,True,Đã gửi (00:17:43 03/10/2026)
olafurchin,quỳnh,True,Đã gửi (00:17:56 03/10/2026)
7024670834070406145,Quyền Là LỐP,False,Chưa gửi
tungvu.1211,💚Tùngggg Zũ🐢,True,Đã gửi (00:18:22 03/10/2026)
khphaiaica,🛤️☘️3️⃣6️⃣,True,Đã gửi (00:15:59 03/10/2026)
ajitana.h,Aji - H,True,Đã gửi (00:15:46 03/10/2026)
4kari310,Nguyễn Ngọc Anh,True,Đã gửi (00:16:25 03/10/2026)
nap._.9,🐶🩵,True,Đã gửi (00:18:35 03/10/2026)
myyhaaaaaa,hà my,True,Đã gửi (00:18:09 03/10/2026)
ngotuananh_,nta,True,Đã gửi (00:17:30 03/10/2026)
nplh_05,pl,True,Đã gửi (00:16:12 03/10/2026)
_june.3,pa .,True,Đã gửi (00:17:17 03/10/2026)
xuongw._,xuongw bo tuoi 🍖,True,Đã gửi (00:16:38 03/10/2026)
hero_pumpkin,Trần Sơn,False,Chưa gửi
userfv4pq8qeoz,Vũ Thắng,False,Chưa gửi
cutedz0ai,Justbehandsome,False,Chưa gửi
user181020091018,bông,False,Chưa gửi
bonghehehehehe,òm,False,Chưa gửi
hoaluubaongoc,hiha alpha nì,False,Chưa gửi
t.tuanlong2012,tuanlong,False,Chưa gửi
gnaht34,Win,False,Đã gửi (15:53:58 30/09/2026)
vdinwasmee,kiếp nạn ielts hsa tnthpt 28+,False,Chưa gửi
sarocdnik718,꧁༺SArocDnik❖,False,Đã gửi (00:03:05 02/10/2026)
nhanphungday,nhan.,False,Chưa gửi
nht.minh.nguyn103,Tombeohilo!,False,Chưa gửi
seconhungconcaphaigiach0,seconhungconcaphaigiach0,True,Đã gửi (00:17:04 03/10/2026)
hln7345,hln,False,Chưa gửi
7425604604320465940,Quyền Là LỐP,False,Chưa gửi
leathu2609,hopeevtfine,False,Chưa gửi
